المرحلة,القسم,النطاق,الملفات الأساسية,ملفات المزامنة,الحالة,عدد التعديلات,مجلد التقرير
1,المدن,برونتيرا وإزلود,rathena-master/npc/cities/prontera.txt | rathena-master/npc/cities/izlude.txt,,مكتمل,103,المرحلة_01
2,المدن,غيفن,rathena-master/npc/cities/geffen.txt,,مكتمل,210,المرحلة_02
3,المدن,ألبرتا,rathena-master/npc/cities/alberta.txt,,مكتمل,104,المرحلة_03
4,المدن,موروك,rathena-master/npc/cities/morocc.txt,,مكتمل,274,المرحلة_04
5,المدن,بايون,rathena-master/npc/cities/payon.txt,,مكتمل,424,المرحلة_05
6,المدن,ألديباران,rathena-master/npc/cities/aldebaran.txt,,مكتمل,431,المرحلة_06
7,المدن,كومودو,rathena-master/npc/cities/comodo.txt,,مكتمل,216,المرحلة_07
8,المدن,يونو,rathena-master/npc/cities/yuno.txt,,مكتمل,104,المرحلة_08
9,المدن,إينبروخ,rathena-master/npc/cities/einbroch.txt,,مكتمل,415,المرحلة_09
10,المدن,إينبيخ,rathena-master/npc/cities/einbech.txt,,مكتمل,505,المرحلة_10
11,المدن,هويغل,rathena-master/npc/cities/hugel.txt,,مكتمل,88,المرحلة_11
12,المدن,لايت هالزن,rathena-master/npc/cities/lighthalzen.txt,,مكتمل,454,المرحلة_12
13,المدن,راشيل,rathena-master/npc/cities/rachel.txt,,مكتمل,323,المرحلة_13
14,المدن,فينز,rathena-master/npc/cities/veins.txt,,مكتمل,435,المرحلة_14
15,المدن,أومبالا,rathena-master/npc/cities/umbala.txt,,مكتمل,352,المرحلة_15
16,المدن,نيفلهايم,rathena-master/npc/cities/niflheim.txt,data/luafiles514/lua files/navigation/navi_npc_krpri.lub,مكتمل,98,المرحلة_16
17,المدن,أماتسو,rathena-master/npc/cities/amatsu.txt,data/luafiles514/lua files/navigation/navi_npc_krpri.lub,مكتمل,307,المرحلة_17
18,المدن,كونلون / غونريون,rathena-master/npc/cities/gonryun.txt,data/luafiles514/lua files/navigation/navi_npc_krpri.lub,مكتمل,225,المرحلة_18
19,المدن,لويانغ,rathena-master/npc/cities/louyang.txt,data/luafiles514/lua files/navigation/navi_npc_krpri.lub,مكتمل,93,المرحلة_19
20,المدن,أيوثايا,rathena-master/npc/cities/ayothaya.txt,data/luafiles514/lua files/navigation/navi_npc_krpri.lub,مكتمل,115,المرحلة_20
21,المدن,برازيليس,rathena-master/npc/cities/brasilis.txt,data/luafiles514/lua files/navigation/navi_npc_krpri.lub,مكتمل,58,المرحلة_21
22,المدن,موسكوفيا,rathena-master/npc/cities/moscovia.txt,rathena-master/npc/pre-re/cities/alberta.txt | data/luafiles514/lua files/navigation/navi_npc_krpri.lub,مكتمل,66,المرحلة_22
23,المدن,لوتي,rathena-master/npc/cities/lutie.txt,data/luafiles514/lua files/navigation/navi_npc_krpri.lub,مكتمل,260,المرحلة_23
24,المدن,جاواي,rathena-master/npc/cities/jawaii.txt,data/luafiles514/lua files/navigation/navi_npc_krpri.lub,مكتمل,195,المرحلة_24
25,المدن,مانوك,rathena-master/npc/cities/manuk.txt,data/luafiles514/lua files/navigation/navi_npc_krpri.lub,مكتمل,88,المرحلة_25
26,المدن,سبلينديد,rathena-master/npc/cities/splendide.txt,data/luafiles514/lua files/navigation/navi_npc_krpri.lub,مكتمل,227,المرحلة_26
27,المهام,مهام نيفلهايم,rathena-master/npc/quests/quests_niflheim.txt,data/luafiles514/lua files/navigation/navi_npc_krpri.lub | System/OngoingQuestInfoList_True_EN.lub,مكتمل,354,المرحلة_27
28,المهام,مهام أومبالا,rathena-master/npc/quests/quests_umbala.txt,data/luafiles514/lua files/navigation/navi_npc_krpri.lub,مكتمل,541,المرحلة_28
29,المهام,مهام أماتسو,rathena-master/npc/quests/quests_amatsu.txt,System/OngoingQuestInfoList_True_EN.lub | System/LuaFiles514/itemInfo.lua,مكتمل,799,المرحلة_29
30,المهام,مهام كونلون,rathena-master/npc/quests/quests_gonryun.txt,rathena-master/npc/cities/gonryun.txt | System/LuaFiles514/itemInfo.lua,مكتمل,964,المرحلة_30
31,المهام,مهام هويغل,rathena-master/npc/quests/quests_hugel.txt,System/OngoingQuestInfoList_True_EN.lub | System/Navi_Data_EN.lub | data/luafiles514/lua files/navigation/navi_npc_krpri.lub,مكتمل,809,المرحلة_31
32,المهام,مهام إزلود,rathena-master/npc/quests/quests_izlude.txt,,مكتمل,29,المرحلة_32
33,المهام,مهام جوبييروس,rathena-master/npc/quests/quests_juperos.txt,System/OngoingQuestInfoList_True_EN.lub | System/mapInfo_true_EN.lub | System/Navi_Data_EN.lub | data/luafiles514/lua files/worldviewdata/worldviewdata_language.lub | data/luafiles514/lua files/navigation/navi_npc_krpri.lub | data/book/11011.txt,مكتمل,1106,المرحلة_33
34,المهام,مهام لايت هالزن,rathena-master/npc/quests/quests_lighthalzen.txt,System/OngoingQuestInfoList_True_EN.lub | data/luafiles514/lua files/navigation/navi_npc_krpri.lub,مكتمل,581,المرحلة_34
35,المهام,مهام لويانغ,rathena-master/npc/quests/quests_louyang.txt,System/OngoingQuestInfoList_True_EN.lub | System/Navi_Data_EN.lub | data/luafiles514/lua files/navigation/navi_npc_krpri.lub,مكتمل,662,المرحلة_35
36,المهام,مهام أيوثايا,rathena-master/npc/quests/quests_ayothaya.txt,System/OngoingQuestInfoList_True_EN.lub | data/luafiles514/lua files/navigation/navi_npc_krpri.lub | System/LuaFiles514/itemInfo.lua,مكتمل,306,المرحلة_36
37,المهام,مهام برازيليس,rathena-master/npc/quests/quests_brasilis.txt,System/OngoingQuestInfoList_True_EN.lub | data/luafiles514/lua files/navigation/navi_npc_krpri.lub | System/Navi_Data_EN.lub | System/LuaFiles514/itemInfo.lua,مكتمل,306,المرحلة_37
38,المهام,مهام كومودو,rathena-master/npc/quests/quests_comodo.txt,data/luafiles514/lua files/navigation/navi_npc_krpri.lub | System/LuaFiles514/itemInfo.lua,مكتمل,371,المرحلة_38
39,المهام,مهام إينبروخ وإينبيخ,rathena-master/npc/quests/quests_ein.txt,System/OngoingQuestInfoList_True_EN.lub | System/Navi_Data_EN.lub | System/mapInfo_true_EN.lub | System/achievement_list_EN.lub | data/luafiles514/lua files/msgstring_kr.lub | data/luafiles514/lua files/msgstring_kr_s.lub | data/luafiles514/lua files/navigation/navi_map_krpri.lub | data/luafiles514/lua files/worldviewdata/worldviewdata_language.lub | data/luafiles514/lua files/navigation/navi_npc_krpri.lub | System/LuaFiles514/itemInfo.lua,مكتمل,933,المرحلة_39
40,المهام,مهام غيفن,rathena-master/npc/quests/quests_geffen.txt,data/luafiles514/lua files/navigation/navi_npc_krpri.lub | System/LuaFiles514/itemInfo.lua,مكتمل,158,المرحلة_40
41,المهام,مهمة الشاعر المتجول,rathena-master/npc/quests/bard_quest.txt,data/luafiles514/lua files/navigation/navi_npc_krpri.lub,مكتمل,561,المرحلة_41
42,المهام,مهمة عصابة الأرنب,rathena-master/npc/quests/bunnyband.txt,,مكتمل,53,المرحلة_42
43,المهام,مهمة الطبخ,rathena-master/npc/quests/cooking_quest.txt,data/luafiles514/lua files/navigation/navi_npc_krpri.lub,مكتمل,1001,المرحلة_43
44,المهام,مهمة العامل المعادل والمزيج,rathena-master/npc/quests/counteragent_mixture.txt,rathena-master/npc/jobs/2-2/alchemist.txt | System/OngoingQuestInfoList_True_EN.lub | System/Navi_Data_EN.lub,مكتمل,272,المرحلة_44
45,المهام,مهمة طلب دانديليون,rathena-master/npc/quests/dandelion_request.txt,System/OngoingQuestInfoList_True_EN.lub | data/luafiles514/lua files/navigation/navi_npc_krpri.lub | rathena-master/db/pre-re/mob_db.yml,مكتمل,930,المرحلة_45
46,المهام,مهمة السيوف المشؤومة,rathena-master/npc/quests/doomed_swords.txt,System/LuaFiles514/itemInfo.lua,مكتمل,565,المرحلة_46
47,المهام,مهمة السيوف المشؤومة — الجزء الثالث,rathena-master/npc/quests/doomed_swords_quest.txt,rathena-master/npc/quests/quests_comodo.txt | rathena-master/npc/quests/quests_yuno.txt,مكتمل,570,المرحلة_47
48,المهام,مهمة عين هليون,rathena-master/npc/quests/eye_of_hellion.txt,System/OngoingQuestInfoList_True_EN.lub | System/LuaFiles514/itemInfo.lua,مكتمل,1074,المرحلة_48
49,المهام,مهمة تدريب المريد,rathena-master/npc/quests/first_class/tu_acolyte.txt,data/luafiles514/lua files/navigation/navi_npc_krpri.lub,مكتمل,732,المرحلة_49
50,المهام,مهمة تدريب الرامي,rathena-master/npc/quests/first_class/tu_archer.txt,data/luafiles514/lua files/navigation/navi_npc_krpri.lub,مكتمل,751,المرحلة_50
51,المهام,مهمة آثار المعركة المشتركة,rathena-master/npc/quests/first_class/tu_ma_th01.txt,rathena-master/npc/quests/first_class/tu_thief01.txt | rathena-master/npc/quests/first_class/tu_magician01.txt | data/luafiles514/lua files/navigation/navi_npc_krpri.lub,مكتمل,509,المرحلة_51
52,المهام,مهمة تدريب الساحر,rathena-master/npc/quests/first_class/tu_magician01.txt,data/luafiles514/lua files/navigation/navi_npc_krpri.lub,مكتمل,441,المرحلة_52
53,المهام,مهمة تدريب التاجر,rathena-master/npc/quests/first_class/tu_merchant.txt,System/OngoingQuestInfoList_True_EN.lub,مكتمل,307,المرحلة_53
54,المهام,مهمة تدريب السياف,rathena-master/npc/quests/first_class/tu_sword.txt,System/OngoingQuestInfoList_True_EN.lub,مكتمل,383,المرحلة_54
55,المهام,مهمة تدريب اللص,rathena-master/npc/quests/first_class/tu_thief01.txt,,مكتمل,255,المرحلة_55
56,المهام,مهمة اختبار النقابة المتتابع,rathena-master/npc/quests/guildrelay.txt,,مكتمل,209,المرحلة_56
57,المهام,مهام أسلحة رماة المسدسات,rathena-master/npc/quests/gunslinger_quests.txt,,مكتمل,643,المرحلة_57
58,المهام,مهمة صنع العصير,rathena-master/npc/quests/juice_maker.txt,,مكتمل,91,المرحلة_58
59,المهام,مهمة كيل هاير,rathena-master/npc/quests/kiel_hyre_quest.txt,System/OngoingQuestInfoList_True_EN.lub | System/LuaFiles514/itemInfo.lua,مكتمل,198,المرحلة_59
60,المهام,مهام أسلحة المستوى الرابع,rathena-master/npc/quests/lvl4_weapon_quest.txt,,مكتمل,409,المرحلة_60
61,المهام,بائعا محلولي بايون وموروك,rathena-master/npc/quests/mage_solution.txt,,مكتمل,6,المرحلة_61
62,المهام,مروضو الوحوش وأدوات الترويض,rathena-master/npc/quests/monstertamers.txt,System/OngoingQuestInfoList_True_EN.lub | rathena-master/npc/pre-re/merchants/hair_style.txt,مكتمل,281,المرحلة_62
63,المهام,مهمة السيد مبتسم,rathena-master/npc/quests/mrsmile.txt,System/Navi_Data_EN.lub | data/luafiles514/lua files/navigation/navi_npc_krpri.lub | rathena-master/npc/pre-re/quests/mrsmile.txt | rathena-master/npc/quests/quests_umbala.txt | rathena-master/npc/quests/newgears/2004_headgears.txt,مكتمل,67,المرحلة_63
64,المهام,مهام قبعات 2004,rathena-master/npc/quests/newgears/2004_headgears.txt,System/Navi_Data_EN.lub | data/luafiles514/lua files/navigation/navi_npc_krpri.lub,مكتمل,420,المرحلة_64
65,المهام,مهام قبعات 2005,rathena-master/npc/quests/newgears/2005_headgears.txt,System/LuaFiles514/itemInfo.lua,مكتمل,894,المرحلة_65
66,المهام,مهام قبعات 2006,rathena-master/npc/quests/newgears/2006_headgears.txt,System/LuaFiles514/itemInfo.lua,مكتمل,515,المرحلة_66
67,المهام,مهام قبعات 2008,rathena-master/npc/quests/newgears/2008_headgears.txt,System/LuaFiles514/itemInfo.lua | System/OngoingQuestInfoList_True_EN.lub,مكتمل,292,المرحلة_67
68,المهام,مهام معدات وأسلحة النينجا,rathena-master/npc/quests/ninja_quests.txt,,مكتمل,389,المرحلة_68
69,المهام,مهمة باندجر ماير والصندوق الأزرق القديم,rathena-master/npc/quests/obb_quest.txt,rathena-master/npc/quests/bard_quest.txt,مكتمل,753,المرحلة_69
70,المهام,مهمة رؤية أوكولنير وصناعة العناصر الإلهية,rathena-master/npc/quests/okolnir.txt,rathena-master/db/pre-re/mob_db.yml | data/luafiles514/lua files/navigation/navi_npc_krpri.lub | System/OngoingQuestInfoList_True_EN.lub | data/luafiles514/lua files/navigation/navi_map_krpri.lub | System/mapInfo_true_EN.lub,مكتمل,322,المرحلة_70
71,المهام,مهمة اختبار المجموعة المتتابع,rathena-master/npc/quests/partyrelay.txt,,مكتمل,1337,المرحلة_71
72,المهام,مهام فراغ الرماد والحملة إلى العالم الجديد,rathena-master/npc/quests/quests_13_1.txt,System/OngoingQuestInfoList_True_EN.lub | rathena-master/npc/quests/quests_13_2.txt | System/LuaFiles514/itemInfo.lua,مكتمل,671,المرحلة_72
73,المهام,مهام القبيلتين وخاتم الملك الحكيم ومعدن ميدغارد وعطر ألفهايم وتحقيق بازيت,rathena-master/npc/quests/quests_13_2.txt,System/OngoingQuestInfoList_True_EN.lub | System/LuaFiles514/itemInfo.lua | System/Navi_Data_EN.lub | data/luafiles514/lua files/navigation/navi_npc_krpri.lub,مكتمل,798,المرحلة_73
74,المهام,مهام تذكرة المنطاد وآلية عمله وقطعة قلب يمير,rathena-master/npc/quests/quests_airship.txt,System/OngoingQuestInfoList_True_EN.lub | System/LuaFiles514/itemInfo.lua,مكتمل,830,المرحلة_74
75,المهام,مهام ألبرتا وصناعة القبعات وجزيرة السلاحف وكنزها ومهمة إيرومو,rathena-master/npc/quests/quests_alberta.txt,System/OngoingQuestInfoList_True_EN.lub | System/LuaFiles514/itemInfo.lua | data/luafiles514/lua files/navigation/navi_npc_krpri.lub | System/Navi_Data_EN.lub,مكتمل,745,المرحلة_75
76,المهام,مهام طوق الطبيب وقبعة الريش وقناع الأوبرا وساكات,rathena-master/npc/quests/quests_aldebaran.txt,System/LuaFiles514/itemInfo.lua,مكتمل,25,المرحلة_76
77,المهام,مهام آلة بيع قبعات لوتي,rathena-master/npc/quests/quests_lutie.txt,—,مكتمل,73,المرحلة_77
78,المهام,مهام موروك وحرس القارة وغراب القدر,rathena-master/npc/quests/quests_morocc.txt,System/OngoingQuestInfoList_True_EN.lub | System/LuaFiles514/itemInfo.lua | System/Navi_Data_EN.lub | data/luafiles514/lua files/navigation/navi_npc_krpri.lub,مكتمل,630,المرحلة_78
79,المهام,مهام موسكوفيا والجزيرة المتحركة وكوشي الخالد,rathena-master/npc/quests/quests_moscovia.txt,System/OngoingQuestInfoList_True_EN.lub | System/LuaFiles514/itemInfo.lua | System/Navi_Data_EN.lub | data/luafiles514/lua files/navigation/navi_npc_krpri.lub,مكتمل,644,المرحلة_79
80,المهام,مهام الجزيرة المجهولة والمهام الجانبية وتحقيق نقابة المارقين,rathena-master/npc/quests/quests_nameless.txt,System/OngoingQuestInfoList_True_EN.lub | System/LuaFiles514/itemInfo.lua | System/Navi_Data_EN.lub | data/luafiles514/lua files/navigation/navi_npc_krpri.lub,مكتمل,274,المرحلة_80
81,المهام,مهام بايون القديمة وصناعة قبعاتها,rathena-master/npc/quests/quests_payon.txt,System/LuaFiles514/itemInfo.lua,مكتمل,82,المرحلة_81
82,المهام,مجاري برونتيرا وقبعة الدكتوراه ولعنة عائلة غيوبورغ,rathena-master/npc/quests/quests_prontera.txt,System/OngoingQuestInfoList_True_EN.lub | System/LuaFiles514/itemInfo.lua | System/Navi_Data_EN.lub | data/luafiles514/lua files/navigation/navi_npc_krpri.lub,مكتمل,818,المرحلة_82
83,المهام,مهام راشيل والطفل المفقود وكهف الجليد والمعبد والسلام لأرونافلتز,rathena-master/npc/quests/quests_rachel.txt,System/OngoingQuestInfoList_True_EN.lub | System/LuaFiles514/itemInfo.lua | System/Navi_Data_EN.lub | data/luafiles514/lua files/navigation/navi_npc_krpri.lub,مكتمل,436,المرحلة_83
84,المهام,مهام فينس وأحجارها والجاسوس وطفلي المدينة وقاعدة بركان ثور,rathena-master/npc/quests/quests_veins.txt,System/OngoingQuestInfoList_True_EN.lub | System/LuaFiles514/itemInfo.lua | System/Navi_Data_EN.lub | data/luafiles514/lua files/navigation/navi_npc_krpri.lub,مكتمل,529,المرحلة_84
85,المهام,إيقاف أبحاث ميتو وتجربة باين وباجين ودليل يونو وبداية السيوف المشؤومة,rathena-master/npc/quests/quests_yuno.txt,System/OngoingQuestInfoList_True_EN.lub | System/Navi_Data_EN.lub,مكتمل,374,المرحلة_85
86,المهام,ختم بريسينغامن وقصة لوين والأقزام الأربعة,rathena-master/npc/quests/seals/brisingamen_seal.txt,System/OngoingQuestInfoList_True_EN.lub,مكتمل,273,المرحلة_86
87,المهام,إدارة متغيرات الأختام الإلهية,rathena-master/npc/quests/seals/god_global.txt,,مكتمل,24,المرحلة_87
88,المهام,صناعة الأدوات الإلهية الأربع لدى غرونبورتي وإدارة مختبر الصناعة,rathena-master/npc/quests/seals/god_weapon_creation.txt,rathena-master/npc/quests/seals/seal_status.txt,مكتمل,246,المرحلة_88
89,المهام,ختم ميغينغجارد والتحقيق في مصير الفرقة الأولى,rathena-master/npc/quests/seals/megingard_seal.txt,System/OngoingQuestInfoList_True_EN.lub,مكتمل,757,المرحلة_89
90,المهام,ختم ميولنير وتيالفي وروسكفا والحدادون الأقزام الأربعة,rathena-master/npc/quests/seals/mjolnir_seal.txt,تحقق دون تعديل: سجل المهام والعناصر والملاحة,مكتمل,371,المرحلة_90
91,المهام,لوحة حالة الأختام الإلهية وحالة التقدم الشخصية,rathena-master/npc/quests/seals/seal_status.txt,تحقق دون تعديل: سجل المهام والعناصر والملاحة,مكتمل,5,المرحلة_91
92,المهام,ختم سليبنير ومختبر يونو والباحثون الأربعة وحكاية لانيا,rathena-master/npc/quests/seals/sleipnir_seal.txt,تحقق دون تعديل: سجل المهام والعناصر والملاحة,مكتمل,378,المرحلة_92
93,المهام,مهمة تعلم مهارة ضوء مقدس للمريد,rathena-master/npc/quests/skills/acolyte_skills.txt,تحقق دون تعديل: قاموس المهارات والعناصر وسجل المهام والملاحة,مكتمل,48,المرحلة_93
94,المهام,مهمتا دليل صنع الجرعات العنصرية والأخلاقيات الحيوية للهومنكولوس,rathena-master/npc/quests/skills/alchemist_skills.txt,تحقق دون تعديل: قاموس المهارات وقاعدة العناصر وسجل المهام والملاحة,مكتمل,182,المرحلة_94
95,المهام,مهمتا صناعة السهام وسهم شاحن للرماة,rathena-master/npc/quests/skills/archer_skills.txt,تحقق دون تعديل: قاموس المهارات وقاعدة العناصر وسجل المهام والملاحة,مكتمل,126,المرحلة_95
96,المهام,مهمتا رمي سكين السم وتسارع صوتي للمغتال,rathena-master/npc/quests/skills/assassin_skills.txt,System/OngoingQuestInfoList_True_EN.lub,مكتمل,464,المرحلة_96
97,المهام,مهمة تعلم صوت بانغ ومطاردة الدجاجة ييل,rathena-master/npc/quests/skills/bard_skills.txt,تحقق دون تعديل: قاموس المهارات وقاعدة العناصر وسجل المهام والملاحة,مكتمل,585,المرحلة_97
98,المهام,مهمتا خدعة غير عادلة وجشع للحداد,rathena-master/npc/quests/skills/blacksmith_skills.txt,تحقق دون تعديل: قاموس المهارات وقاعدة العناصر وسجل المهام والملاحة,مكتمل,306,المرحلة_98
99,المهام,مهمة تعلم انكماش وإنقاذ سلوتيي من سم الغوبلن,rathena-master/npc/quests/skills/crusader_skills.txt,تحقق دون تعديل: قاموس المهارات وقاعدة العناصر وسجل المهام والملاحة,مكتمل,383,المرحلة_99
100,المهام,مهمة تعلم غمزة ساحرة لدى كانيل وآيل,rathena-master/npc/quests/skills/dancer_skills.txt,System/OngoingQuestInfoList_True_EN.lub,مكتمل,287,المرحلة_100
101,المهام,مهمة تعلم سهم وهمي لدى أربستو وريدين كورس,rathena-master/npc/quests/skills/hunter_skills.txt,تحقق دون تعديل: قاموس المهارات وقاعدة العناصر وسجل المهام والملاحة,مكتمل,175,المرحلة_101
102,المهام,مهمة تعلم هجوم شاحن والتحقيق في القسم السابع,rathena-master/npc/quests/skills/knight_skills.txt,تحقق دون تعديل: قاموس المهارات وقاعدة العناصر وسجل المهام والملاحة,مكتمل,275,المرحلة_102
103,المهام,مهمة تعلم غلاف الطاقة لدى بليزاردريس,rathena-master/npc/quests/skills/mage_skills.txt,تحقق دون تعديل: قاموس المهارات وقاعدة العناصر وسجل المهام والملاحة,مكتمل,68,المرحلة_103
104,المهام,مهمات ضجة مجنونة وتغيير العربة وثورة العربة,rathena-master/npc/quests/skills/merchant_skills.txt,تحقق دون تعديل: قاموس المهارات وقاعدة العناصر وسجل المهام والملاحة,مكتمل,359,المرحلة_104
105,المهام,مهمتا نقل كي وانفجار كي للرهبان,rathena-master/npc/quests/skills/monk_skills.txt,تحقق دون تعديل: قاموس المهارات وقاعدة العناصر وقاعدة الوحوش وسجل المهام والملاحة,مكتمل,225,المرحلة_105
106,المهام,مهمتا إسعافات أولية والتظاهر بالموت للمبتدئ,rathena-master/npc/quests/skills/novice_skills.txt,تحقق دون تعديل: قاموس المهارات وقاعدة العناصر وسجل المهام والملاحة,مكتمل,280,المرحلة_106
107,المهام,مهمة تعلم ريديمبتيو لدى الأخت لينوس,rathena-master/npc/quests/skills/priest_skills.txt,تحقق دون تعديل: قاموس المهارات وقاعدة العناصر وسجل المهام والملاحة,مكتمل,182,المرحلة_107
108,المهام,مهمة تعلم حبس محكم وعائلة غريغ,rathena-master/npc/quests/skills/rogue_skills.txt,System/OngoingQuestInfoList_True_EN.lub — 4 تعديلات؛ تحقق بقية الملفات دون تعديل,مكتمل,552,المرحلة_108
109,المهام,مهمتا إنشاء محول عنصري وتغيير العنصر لدى ميشونا,rathena-master/npc/quests/skills/sage_skills.txt,System/OngoingQuestInfoList_True_EN.lub — 11 تعديلا | data/luafiles514/lua files/navigation/navi_npc_krpri.lub — تعديل واحد,مكتمل,256,المرحلة_109
110,المهام,مهمات استعادة HP أثناء الحركة وضربة قاتلة وهياج تلقائي,rathena-master/npc/quests/skills/swordman_skills.txt,تحقق دون تعديل: قاموس المهارات وقاعدة العناصر وسجل المهام والملاحة,مكتمل,198,المرحلة_110
111,المهام,مهمات نثر الرمل وانزلاق للخلف والتقاط حجر ورمي حجر,rathena-master/npc/quests/skills/thief_skills.txt,تحقق دون تعديل: قاموس المهارات وقاعدة العناصر وسجل المهام والملاحة,مكتمل,290,المرحلة_111
112,المهام,مهمة مفجر الرؤية ونظرية الدفع إلى الخلف,rathena-master/npc/quests/skills/wizard_skills.txt,System/OngoingQuestInfoList_True_EN.lub,مكتمل,224,المرحلة_112
113,المهام,مهمة برج ثاناتوس: عقد الاستكشاف، مفاتيح البرج، أحجار التعويذة، الأختام، واستدعاء ذكرى ثاناتوس,rathena-master/npc/quests/thana_quest.txt,System/OngoingQuestInfoList_True_EN.lub | System/LuaFiles514/itemInfo.lua,مكتمل,726,المرحلة_113
114,المهام,مهمة العلامة: الاختبارات، ضوء النجوم الناحب، سيرين وكيركينا، أنغربودا، أختام غيفينيا وفتح البوابة,rathena-master/npc/quests/the_sign_quest.txt,System/OngoingQuestInfoList_True_EN.lub | System/LuaFiles514/itemInfo.lua,مكتمل,664,المرحلة_114
115,المطارات,نظام المناطيد المحلي والدولي وطاقم الرحلات وألعاب المنطاد,rathena-master/npc/airports/airships.txt,تحقق دون تعديل: itemInfo.lua وNavi_Data_EN.lub وnavi_npc_krpri.lub,مكتمل,430,المرحلة_115
116,المطارات,موظفو مطار إينبروخ والوصول والصعود إلى المنطاد,rathena-master/npc/airports/einbroch.txt,rathena-master/npc/airports/airships.txt | تحقق دون تعديل: itemInfo.lua وNavi_Data_EN.lub وnavi_npc_krpri.lub,مكتمل,49,المرحلة_116
117,المطارات,بوابة منطاد هويغل ورسوم الركوب والتذكرة المجانية,rathena-master/npc/airports/hugel.txt,تحقق دون تعديل: itemInfo.lua وNavi_Data_EN.lub وnavi_npc_krpri.lub وairships.txt وملف مدينة هويغل,مكتمل,5,المرحلة_117
118,المطارات,موظف منطاد إزلود والمسار الدولي إلى يونو وراشيل,rathena-master/npc/airports/izlude.txt,تحقق دون تعديل: itemInfo.lua وNavi_Data_EN.lub وnavi_npc_krpri.lub وairships.txt وملف مدينة إزلود,مكتمل,14,المرحلة_118
119,المطارات,موظفو مطار لايت هالزن والوصول والمسار المحلي,rathena-master/npc/airports/lighthalzen.txt,تحقق دون تعديل: itemInfo.lua وNavi_Data_EN.lub وmapInfo_true_EN.lub وairships.txt وملف مدينة لايت هالزن,مكتمل,26,المرحلة_119
120,المطارات,بوابة منطاد راشيل ورسوم الركوب والتذكرة المجانية,rathena-master/npc/airports/rachel.txt,تحقق دون تعديل: itemInfo.lua وNavi_Data_EN.lub وnavi_npc_krpri.lub وairships.txt وملف مدينة راشيل,مكتمل,5,المرحلة_120
121,المطارات,مطار يونو والمساران المحلي والدولي وموظفو الصعود والوصول,rathena-master/npc/airports/yuno.txt,تحقق دون تعديل: itemInfo.lua وNavi_Data_EN.lub وmapInfo_true_EN.lub وnavi_npc_krpri.lub وairships.txt وملف مدينة يونو,مكتمل,59,المرحلة_121
122,ساحات القتال,الشخصيات والخدمات المشتركة لساحات قتال مارول واستبدال الشارات,rathena-master/npc/battleground/bg_common.txt,تحقق دون تعديل: itemInfo.lua وسجل المهام والملاحة وملفات تييرا وفلافيوس وKVM,مكتمل,129,المرحلة_122
123,ساحات القتال,ساحة فلافيوس الأولى: الكريستالات والحراس والجولات والمكافآت,rathena-master/npc/battleground/flavius/flavius01.txt,rathena-master/npc/battleground/flavius/flavius02.txt,مكتمل,53,المرحلة_123
124,ساحات القتال,ساحة فلافيوس الثانية: توحيد الأسماء الظاهرة ومحرك الجولة الثانية,rathena-master/npc/battleground/flavius/flavius02.txt,تحقق دون تعديل: flavius01.txt وbg_common.txt وitemInfo.lua وسجل المهام,مكتمل,15,المرحلة_124
125,ساحات القتال,دخول فلافيوس: التجنيد وشروط المشاركة وشرح الكريستالات,rathena-master/npc/battleground/flavius/flavius_enter.txt,rathena-master/npc/battleground/tierra/tierra_enter.txt,مكتمل,148,المرحلة_125
126,ساحات القتال,ساحة KVM للمستويات 80–99 وإعلانات المعركة ونقاط المكافآت,rathena-master/npc/battleground/kvm/kvm01.txt,rathena-master/npc/battleground/kvm/kvm02.txt | rathena-master/npc/battleground/kvm/kvm03.txt,مكتمل,94,المرحلة_126
127,ساحات القتال,ساحة KVM للمستويات 1–59 — مراجعة مستقلة وتثبيت النصوص,rathena-master/npc/battleground/kvm/kvm02.txt,تحقق دون تعديل: kvm01.txt وkvm03.txt وkvm_item_pay.txt وسجل المهام وbg_common.txt,مكتمل,0,المرحلة_127
128,ساحات القتال,ساحة KVM للمستويات 60–80 — مراجعة مستقلة وتثبيت النصوص,rathena-master/npc/battleground/kvm/kvm03.txt,تحقق دون تعديل: kvm01.txt وkvm02.txt وkvm_item_pay.txt وسجل المهام وbg_common.txt,مكتمل,0,المرحلة_128
129,ساحات القتال,مدخل KVM: ضباط المرتزقة وشرح النظام والتسجيل ونقاط KVM,rathena-master/npc/battleground/kvm/kvm_enter.txt,تحقق دون تعديل: kvm01.txt وkvm02.txt وkvm03.txt وkvm_item_pay.txt وسجل المهام,مكتمل,70,المرحلة_129
130,ساحات القتال,متجر مكافآت KVM والكتالوج وفئات المعدات والأسعار,rathena-master/npc/battleground/kvm/kvm_item_pay.txt,data/book/11017.txt,مكتمل,158,المرحلة_130
131,ساحات القتال,وادي تييرا الأول: مستودعات المؤن والحواجز والراية المحايدة,rathena-master/npc/battleground/tierra/tierra01.txt,rathena-master/npc/battleground/tierra/tierra02.txt,مكتمل,140,المرحلة_131
132,ساحات القتال,وادي تييرا الثاني — مراجعة مستقلة وتثبيت النصوص,rathena-master/npc/battleground/tierra/tierra02.txt,تحقق دون تعديل: tierra01.txt وtierra_enter.txt وbg_common.txt وسجل المهام وقاعدة العناصر والملاحة,مكتمل,0,المرحلة_132
133,ساحات القتال,مدخل وادي تييرا: التسجيل وشرح المستودعات وراية الحياد,rathena-master/npc/battleground/tierra/tierra_enter.txt,تحقق دون تعديل: tierra01.txt وtierra02.txt وflavius_enter.txt وbg_common.txt وسجل المهام والملاحة,مكتمل,16,المرحلة_133
134,حرب الإمبريوم,متحكم بدء حرب الإمبريوم وعرض مالكي القلاع,rathena-master/npc/guild/agit_controller.txt,تحقق دون تعديل: agit_main.txt ومرجع rAthena الرسمي ووثائق أوامر حرب الإمبريوم,مكتمل,2,المرحلة_134
135,حرب الإمبريوم,إدارة القلاع والحراس وكافرا والاستثمارات وغرفة الكنوز,rathena-master/npc/guild/agit_main.txt,تحقق دون تعديل: ملفات القلاع وagit_main_se.txt وملفات المهارات والملاحة والمرجع الرسمي,مكتمل,126,المرحلة_135
136,حرب الإمبريوم,قلعة نويشفانشتاين: مرسوم الملكية وراية النقابة ومخرج غرفة الكنوز,rathena-master/npc/guild/aldeg_cas01.txt,data/luafiles514/lua files/navigation/navi_npc_krpri.lub؛ تحقق دون تعديل: agit_main.txt وملفات الملاحة والخريطة وبقية قلاع ألديباران والمرجع الرسمي,مكتمل,12,المرحلة_136
137,حرب الإمبريوم,قلعة هوهنشفانغاو: مرسوم الملكية ورايات النقابة وموظفة كافرا ومخرج غرفة الكنوز,rathena-master/npc/guild/aldeg_cas02.txt,تعديل data/luafiles514/lua files/navigation/navi_npc_krpri.lub وSystem/mapInfo_true_EN.lub وdata/luafiles514/lua files/navigation/navi_map_krpri.lub؛ تحقق دون تعديل: agit_main.txt وagitconfig.lub وNavi_Data_EN.lub وبقية قلاع ألديباران والمرجع الرسمي,مكتمل,15,المرحلة_137
138,حرب الإمبريوم,قلعة نورمبرغ: مرسوم الملكية ورايات النقابة وموظفة كافرا ومخرج غرفة الكنوز,rathena-master/npc/guild/aldeg_cas03.txt,تعديل data/luafiles514/lua files/navigation/navi_npc_krpri.lub وSystem/mapInfo_true_EN.lub وdata/luafiles514/lua files/navigation/navi_map_krpri.lub وdata/luafiles514/lua files/agit/agitconfig.lub؛ تحقق دون تعديل: agit_main.txt وNavi_Data_EN.lub وبقية قلاع ألديباران والمرجع الرسمي,مكتمل,38,المرحلة_138
139,حرب الإمبريوم,قلعة فورتسبورغ: مرسوم الملكية ورايات النقابة وموظفة كافرا ومخرج غرفة الكنوز,rathena-master/npc/guild/aldeg_cas04.txt,تعديل data/luafiles514/lua files/navigation/navi_npc_krpri.lub؛ تحقق دون تعديل: agit_main.txt وmapInfo_true_EN.lub وnavi_map_krpri.lub وagitconfig.lub وبقية قلاع ألديباران والمرجع الرسمي,مكتمل,12,المرحلة_139
140,حرب الإمبريوم,قلعة روتنبورغ: مرسوم الملكية ورايات النقابة وموظفة كافرا ومخرج غرفة الكنوز,rathena-master/npc/guild/aldeg_cas05.txt,تعديل data/luafiles514/lua files/navigation/navi_npc_krpri.lub؛ تحقق دون تعديل: agit_main.txt وmapInfo_true_EN.lub وnavi_map_krpri.lub وagitconfig.lub وNavi_Data_EN.lub وبقية قلاع ألديباران والمرجع الرسمي,مكتمل,12,المرحلة_140
141,حرب الإمبريوم,قلعة ريفيريون: مرسوم الملكية ورايات النقابة وموظفة كافرا ومخرج غرفة الكنوز,rathena-master/npc/guild/gefg_cas01.txt,تعديل data/luafiles514/lua files/navigation/navi_npc_krpri.lub؛ تحقق دون تعديل: agit_main.txt وmapInfo_true_EN.lub وnavi_map_krpri.lub وagitconfig.lub وNavi_Data_EN.lub وبقية قلاع غيفن والمرجع الرسمي,مكتمل,12,المرحلة_141
142,حرب الإمبريوم,قلعة إيوربريغار: مرسوم الملكية ورايات النقابة وموظفة كافرا ومخرج غرفة الكنوز,rathena-master/npc/guild/gefg_cas02.txt,تعديل data/luafiles514/lua files/navigation/navi_npc_krpri.lub وdata/luafiles514/lua files/agit/agitconfig.lub؛ تحقق دون تعديل: agit_main.txt وmapInfo_true_EN.lub وnavi_map_krpri.lub وNavi_Data_EN.lub وبقية قلاع غيفن والمرجع الرسمي,مكتمل,13,المرحلة_142
143,حرب الإمبريوم,قلعة يسنلف: مرسوم الملكية ورايات النقابة وموظفة كافرا ومخرج غرفة الكنوز,rathena-master/npc/guild/gefg_cas03.txt,تعديل data/luafiles514/lua files/navigation/navi_npc_krpri.lub وSystem/mapInfo_true_EN.lub وdata/luafiles514/lua files/navigation/navi_map_krpri.lub؛ تحقق دون تعديل: agit_main.txt وagitconfig.lub وNavi_Data_EN.lub وبقية قلاع غيفن والمرجع الرسمي,مكتمل,15,المرحلة_143
144,حرب الإمبريوم,قلعة بيرغل: مرسوم الملكية ورايات النقابة وموظفة كافرا ومخرج غرفة الكنوز,rathena-master/npc/guild/gefg_cas04.txt,تعديل data/luafiles514/lua files/navigation/navi_npc_krpri.lub؛ تحقق دون تعديل: agit_main.txt وmapInfo_true_EN.lub وnavi_map_krpri.lub وagitconfig.lub وNavi_Data_EN.lub وبقية قلاع غيفن والمرجع الرسمي,مكتمل,12,المرحلة_144
145,حرب الإمبريوم,قلعة ميرسيتزدايتز: مرسوم الملكية ورايات النقابة وموظفة كافرا ومخرج غرفة الكنوز,rathena-master/npc/guild/gefg_cas05.txt,تعديل data/luafiles514/lua files/navigation/navi_npc_krpri.lub؛ تحقق دون تعديل: agit_main.txt وmapInfo_true_EN.lub وnavi_map_krpri.lub وagitconfig.lub وبقية قلاع غيفن والمرجع الرسمي,مكتمل,12,المرحلة_145
146,حرب الإمبريوم,قلعة البستان المشرق: مرسوم الملكية ورايات النقابة وموظفة كافرا ومخرج غرفة الكنوز,rathena-master/npc/guild/payg_cas01.txt,تعديل data/luafiles514/lua files/navigation/navi_npc_krpri.lub وSystem/mapInfo_true_EN.lub وdata/luafiles514/lua files/navigation/navi_map_krpri.lub؛ تحقق دون تعديل: agit_main.txt وagitconfig.lub وبقية قلاع بايون والمرجع الرسمي,مكتمل,15,المرحلة_146
147,حرب الإمبريوم,قلعة القصر القرمزي: مرسوم الملكية ورايات النقابة وموظفة كافرا ومخرج غرفة الكنوز,rathena-master/npc/guild/payg_cas02.txt,تعديل data/luafiles514/lua files/navigation/navi_npc_krpri.lub وSystem/mapInfo_true_EN.lub وdata/luafiles514/lua files/navigation/navi_map_krpri.lub؛ تحقق دون تعديل: agit_main.txt وagitconfig.lub وبقية قلاع بايون والمرجع الرسمي,مكتمل,15,المرحلة_147
148,حرب الإمبريوم,قلعة الظل المقدس: مرسوم الملكية ورايات النقابة وموظفة كافرا ومخرج غرفة الكنوز,rathena-master/npc/guild/payg_cas03.txt,تعديل data/luafiles514/lua files/navigation/navi_npc_krpri.lub وSystem/mapInfo_true_EN.lub وdata/luafiles514/lua files/navigation/navi_map_krpri.lub؛ تحقق دون تعديل: agit_main.txt وagitconfig.lub وبقية قلاع بايون والمرجع الرسمي,مكتمل,15,المرحلة_148
149,حرب الإمبريوم,قلعة المذبح المقدس: مرسوم الملكية ورايات النقابة وموظفة كافرا ومخرج غرفة الكنوز,rathena-master/npc/guild/payg_cas04.txt,تعديل data/luafiles514/lua files/navigation/navi_npc_krpri.lub وSystem/mapInfo_true_EN.lub وdata/luafiles514/lua files/navigation/navi_map_krpri.lub؛ تحقق دون تعديل: agit_main.txt وagitconfig.lub وبقية قلاع بايون والمرجع الرسمي,مكتمل,15,المرحلة_149
150,حرب الإمبريوم,قلعة تل بستان الخيزران: مرسوم الملكية ورايات النقابة وموظفة كافرا ومخرج غرفة الكنوز,rathena-master/npc/guild/payg_cas05.txt,تعديل data/luafiles514/lua files/navigation/navi_npc_krpri.lub وSystem/mapInfo_true_EN.lub وdata/luafiles514/lua files/navigation/navi_map_krpri.lub؛ تحقق دون تعديل: agit_main.txt وagitconfig.lub وبقية قلاع بايون والمرجع الرسمي,مكتمل,14,المرحلة_150
151,حرب الإمبريوم,قلعة كريمهيلد: مرسوم الملكية ورايات النقابة وموظفة كافرا ومخرج غرفة الكنوز,rathena-master/npc/guild/prtg_cas01.txt,تعديل data/luafiles514/lua files/navigation/navi_npc_krpri.lub وSystem/mapInfo_true_EN.lub وdata/luafiles514/lua files/navigation/navi_map_krpri.lub؛ تحقق دون تعديل: agit_main.txt وagitconfig.lub وبقية قلاع برونتيرا والمرجع الرسمي,مكتمل,15,المرحلة_151
152,حرب الإمبريوم,قلعة سوانهيلد: مرسوم الملكية ورايات النقابة وموظفة كافرا ومخرج غرفة الكنوز,rathena-master/npc/guild/prtg_cas02.txt,تعديل data/luafiles514/lua files/navigation/navi_npc_krpri.lub وSystem/mapInfo_true_EN.lub وdata/luafiles514/lua files/navigation/navi_map_krpri.lub؛ تحقق دون تعديل: agit_main.txt وagitconfig.lub وبقية قلاع برونتيرا والمرجع الرسمي,مكتمل,15,المرحلة_152
153,حرب الإمبريوم,قلعة فادغريد: مرسوم الملكية ورايات النقابة وموظفة كافرا ومخرج غرفة الكنوز,rathena-master/npc/guild/prtg_cas03.txt,تعديل data/luafiles514/lua files/navigation/navi_npc_krpri.lub وSystem/mapInfo_true_EN.lub وdata/luafiles514/lua files/navigation/navi_map_krpri.lub؛ تحقق دون تعديل: agit_main.txt وagitconfig.lub وبقية قلاع برونتيرا والمرجع الرسمي,مكتمل,15,المرحلة_153
154,حرب الإمبريوم,قلعة سكويغول: مرسوم الملكية ورايات النقابة وموظفة كافرا ومخرج غرفة الكنوز,rathena-master/npc/guild/prtg_cas04.txt,تعديل data/luafiles514/lua files/navigation/navi_npc_krpri.lub وSystem/mapInfo_true_EN.lub وdata/luafiles514/lua files/navigation/navi_map_krpri.lub؛ تحقق دون تعديل: agit_main.txt وagitconfig.lub وبقية قلاع برونتيرا والمرجع الرسمي,مكتمل,15,المرحلة_154
155,حرب الإمبريوم,قلعة غوندول: مرسوم الملكية ورايات النقابة وموظفة كافرا ومخرج غرفة الكنوز,rathena-master/npc/guild/prtg_cas05.txt,تعديل data/luafiles514/lua files/navigation/navi_npc_krpri.lub وSystem/mapInfo_true_EN.lub وdata/luafiles514/lua files/navigation/navi_map_krpri.lub؛ تحقق دون تعديل: agit_main.txt وagitconfig.lub وبقية قلاع برونتيرا والمرجع الرسمي,مكتمل,15,المرحلة_155
156,حرب الإمبريوم,حماية غرف الكنوز وقصر دخولها على قادة النقابات,rathena-master/npc/guild/trs_rp.txt,تحقق دون تعديل: المرجع الإنجليزي والسكربت الرسمي وجميع حواجز duplicate() والخرائط والإحداثيات,مكتمل,0,المرحلة_156
157,حرب الإمبريوم الثانية,القالب المركزي لإدارة القلاع والدفاعات والإصلاح والخدمات,rathena-master/npc/guild2/agit_main_se.txt,تحقق دون تعديل للمرجع الإنجليزي والرسمي وملفات القلاع وقواعد العناصر والوحوش والملاحة,مكتمل,363,المرحلة_157
158,حرب الإمبريوم الثانية,التشغيل التلقائي لحرب الإمبريوم الثانية وجدول البدء والانتهاء,rathena-master/npc/guild2/agit_start_se.txt,تحقق دون تعديل: المرجع الإنجليزي والسكربت الرسمي وجدول الأيام والساعات وأحداث AgitStart2 وAgitEnd2,مكتمل,0,المرحلة_158
159,حرب الإمبريوم الثانية,قلعة ماردول: توحيد المشرف وأعلام الانتقال واسم القلعة,rathena-master/npc/guild2/arug_cas01.txt,تعديل data/luafiles514/lua files/navigation/navi_npc_krpri.lub وSystem/mapInfo_true_EN.lub وdata/luafiles514/lua files/navigation/navi_map_krpri.lub؛ تحقق دون تعديل: agit_main_se.txt وagitconfig.lub وNavi_Data_EN.lub والمرجع الرسمي,مكتمل,6,المرحلة_159
160,حرب الإمبريوم الثانية,قلعة سير: توحيد المشرف وأعلام الربط والعودة واسم القلعة,rathena-master/npc/guild2/arug_cas02.txt,تعديل rathena-master/npc/guild2/guild_flags.txt وdata/luafiles514/lua files/navigation/navi_npc_krpri.lub وSystem/mapInfo_true_EN.lub وdata/luafiles514/lua files/navigation/navi_map_krpri.lub؛ تحقق دون تعديل: agit_main_se.txt وagitconfig.lub وNavi_Data_EN.lub والمرجع الرسمي,مكتمل,9,المرحلة_160
161,حرب الإمبريوم الثانية,قلعة هورن: توحيد المشرف وعلم الربط واسم القلعة,rathena-master/npc/guild2/arug_cas03.txt,تعديل data/luafiles514/lua files/navigation/navi_npc_krpri.lub وSystem/mapInfo_true_EN.lub وdata/luafiles514/lua files/navigation/navi_map_krpri.lub؛ تحقق دون تعديل: guild_flags.txt وagit_main_se.txt وagitconfig.lub وNavi_Data_EN.lub والمرجع الرسمي,مكتمل,6,المرحلة_161
162,حرب الإمبريوم الثانية,قلعة غيفن: توحيد المشرف وأعلام الربط والعودة واسم القلعة,rathena-master/npc/guild2/arug_cas04.txt,تعديل rathena-master/npc/guild2/guild_flags.txt وdata/luafiles514/lua files/navigation/navi_npc_krpri.lub وSystem/mapInfo_true_EN.lub وdata/luafiles514/lua files/navigation/navi_map_krpri.lub؛ تحقق دون تعديل: agit_main_se.txt وagitconfig.lub والمرجع الرسمي,مكتمل,10,المرحلة_162
163,حرب الإمبريوم الثانية,قلعة باناديس: توحيد المشرف وأعلام الربط والعودة واسم القلعة,rathena-master/npc/guild2/arug_cas05.txt,تعديل rathena-master/npc/guild2/guild_flags.txt وdata/luafiles514/lua files/navigation/navi_npc_krpri.lub وSystem/mapInfo_true_EN.lub وdata/luafiles514/lua files/navigation/navi_map_krpri.lub وdata/luafiles514/lua files/agit/agitconfig.lub؛ تحقق دون تعديل: agit_main_se.txt والمرجع الرسمي,مكتمل,11,المرحلة_163
164,حرب الإمبريوم الثانية,أعلام قلاع يونو وراشيل: تعريب فيدبلاين والتحقق من الأسماء الداخلية,rathena-master/npc/guild2/guild_flags.txt,تعديل data/luafiles514/lua files/agit/agitconfig.lub؛ تحقق دون تعديل: Navi_Data_EN.lub وmapInfo_true_EN.lub وnavi_map_krpri.lub والمرجع الرسمي,مكتمل,2,المرحلة_164
165,حرب الإمبريوم الثانية,قلعة هيمين: توحيد المشرف وعلم الربط واسم القلعة,rathena-master/npc/guild2/schg_cas01.txt,تعديل data/luafiles514/lua files/navigation/navi_npc_krpri.lub وSystem/mapInfo_true_EN.lub وdata/luafiles514/lua files/navigation/navi_map_krpri.lub؛ تحقق دون تعديل: guild_flags.txt وagit_main_se.txt وagitconfig.lub وNavi_Data_EN.lub والمرجع الرسمي,مكتمل,6,المرحلة_165
166,حرب الإمبريوم الثانية,قلعة أندلانغر: توحيد المشرف وعلم الربط واسم القلعة,rathena-master/npc/guild2/schg_cas02.txt,تعديل data/luafiles514/lua files/navigation/navi_npc_krpri.lub وSystem/mapInfo_true_EN.lub وdata/luafiles514/lua files/navigation/navi_map_krpri.lub؛ تحقق دون تعديل: guild_flags.txt وagit_main_se.txt وagitconfig.lub وNavi_Data_EN.lub والمرجع الرسمي,مكتمل,6,المرحلة_166
167,حرب الإمبريوم الثانية,قلعة فيدبلاين: توحيد المشرف وأعلام الربط والعودة واسم القلعة,rathena-master/npc/guild2/schg_cas03.txt,تعديل data/luafiles514/lua files/navigation/navi_npc_krpri.lub وSystem/mapInfo_true_EN.lub وdata/luafiles514/lua files/navigation/navi_map_krpri.lub؛ تحقق دون تعديل: guild_flags.txt وagit_main_se.txt وagitconfig.lub وNavi_Data_EN.lub والمرجع الرسمي,مكتمل,7,المرحلة_167
168,حرب الإمبريوم الثانية,قلعة هليود: توحيد المشرف وعلم الربط واسم القلعة,rathena-master/npc/guild2/schg_cas04.txt,تعديل data/luafiles514/lua files/navigation/navi_npc_krpri.lub وSystem/mapInfo_true_EN.lub وdata/luafiles514/lua files/navigation/navi_map_krpri.lub؛ تحقق دون تعديل: guild_flags.txt وagit_main_se.txt وagitconfig.lub وNavi_Data_EN.lub والمرجع الرسمي,مكتمل,6,المرحلة_168
169,حرب الإمبريوم الثانية,قلعة سكيدبلادنير: توحيد المشرف وعلم الربط واسم القلعة,rathena-master/npc/guild2/schg_cas05.txt,تعديل data/luafiles514/lua files/navigation/navi_npc_krpri.lub وSystem/mapInfo_true_EN.lub وdata/luafiles514/lua files/navigation/navi_map_krpri.lub؛ تحقق دون تعديل: guild_flags.txt وagit_main_se.txt وagitconfig.lub وNavi_Data_EN.lub والمرجع الرسمي,مكتمل,6,المرحلة_169
170,الزنزانات,البرج اللانهائي: حوار القبطان، إنشاء الزنزانة، الطوابق 1-102، الزعماء والأرواح التائهة,rathena-master/npc/instances/EndlessTower.txt,تعديل System/OngoingQuestInfoList_True_EN.lub؛ تحقق دون تعديل: System/LuaFiles514/itemInfo.lua وSystem/Navi_Data_EN.lub وملفات الملاحة ومعلومات الخريطة وقاعدة الوحوش والمرجع الرسمي,مكتمل,154,المرحلة_170
171,الزنزانات,عش نيدهوغر: سلسلة الوصول، قبيلتا لافين وسافا، الحارس، الزنزانة ومواجهة الظل,rathena-master/npc/instances/NydhoggsNest.txt,تعديل data/luafiles514/lua files/navigation/navi_npc_krpri.lub؛ تحقق دون تعديل: OngoingQuestInfoList_True_EN.lub وitemInfo.lua وNavi_Data_EN.lub وmapInfo_true_EN.lub وnavi_map_krpri.lub وقاعدتا الوحوش والمرجع الرسمي,مكتمل,470,المرحلة_171
172,الزنزانات,ذاكرة الأورك: الدخول، العالم المجنون، التسلل، المشاعل، شامان كارغال وخاتمة كروغر,rathena-master/npc/instances/OrcsMemory.txt,تعديل System/OngoingQuestInfoList_True_EN.lub وrathena-master/db/pre-re/mob_db.yml؛ تحقق دون تعديل: itemInfo.lua وNavi_Data_EN.lub وملفات الملاحة والخريطة والمرجع الرسمي,مكتمل,96,المرحلة_172
173,الزنزانات,الضريح المختوم: الراهب باتريك، راست بلاك هاند، الطابقان، الأختام وبافوميت غير المختوم,rathena-master/npc/instances/SealedShrine.txt,تعديل System/OngoingQuestInfoList_True_EN.lub وSystem/LuaFiles514/itemInfo.lua؛ تحقق دون تعديل: الملاحة والخريطة وقاعدة الوحوش والمرجع الرسمي,مكتمل,171,المرحلة_173
174,الوظائف,مهمة تغيير الوظيفة إلى رامي المسدسات: المعلم ميلر وقرن الثور الحكيم وقسيمة الاعتماد,rathena-master/npc/jobs/1-1e/gunslinger.txt,تعديل System/OngoingQuestInfoList_True_EN.lub؛ تحقق دون تعديل: System/LuaFiles514/itemInfo.lua وSystem/Navi_Data_EN.lub وdata/luafiles514/lua files/navigation/navi_npc_krpri.lub والمرجع الرسمي,مكتمل,194,المرحلة_174
175,الوظائف,مهمة تغيير الوظيفة إلى نينجا: أكاغي وكوغا غاي وريد ليوبارد جو وجمع المواد,rathena-master/npc/jobs/1-1e/ninja.txt,تعديل System/OngoingQuestInfoList_True_EN.lub؛ تحقق دون تعديل: itemInfo.lua وNavi_Data_EN.lub وmapInfo وملفات الملاحة والمرجع الرسمي,مكتمل,269,المرحلة_175
176,الوظائف,مهمة تغيير الوظيفة إلى تايكون: فينيكس، اختبار الجسد والإرادة والتعهد النهائي,rathena-master/npc/jobs/1-1e/taekwon.txt,تعديل System/OngoingQuestInfoList_True_EN.lub؛ تحقق دون تعديل: itemInfo.lua وNavi_Data_EN.lub وnavi_npc_krpri.lub والمرجع الرسمي,مكتمل,238,المرحلة_176
177,الوظائف,مهمة تغيير الوظيفة إلى مغتال: التسجيل، الاختبار الكتابي، الأهداف، الاختباء، المتاهة وسيد النقابة,rathena-master/npc/jobs/2-1/assassin.txt,تعديل System/OngoingQuestInfoList_True_EN.lub؛ تحقق دون تعديل: itemInfo.lua وskillinfolist.lub والملاحة وقاعدة الوحوش والمرجع الرسمي,مكتمل,328,المرحلة_177
178,الوظائف,مهمة تغيير الوظيفة إلى حداد: ألتيريجن وغيشوبنشت والتصنيع والتسليم واختبار ميتهايميوه,rathena-master/npc/jobs/2-1/blacksmith.txt,تعديل System/OngoingQuestInfoList_True_EN.lub؛ تحقق دون تعديل: itemInfo.lua وskillinfolist.lub والملاحة وقاعدة الوحوش والمرجع الرسمي,مكتمل,373,المرحلة_178
179,الوظائف,مهمة تغيير الوظيفة إلى صياد: شيرين، اختبار الشخصية، المواد، اختبار الصيد والفخاخ,rathena-master/npc/jobs/2-1/hunter.txt,تعديل سجل المهمات وملفي الملاحة؛ تحقق دون تعديل: itemInfo وقاعدة الوحوش والمرجع الرسمي,مكتمل,260,المرحلة_179
180,الوظائف,مهمة تغيير الوظيفة إلى فارس: الفرسان الستة واختبارات الولاء والمعرفة والقتال والآداب والصبر,rathena-master/npc/jobs/2-1/knight.txt,تعديل System/OngoingQuestInfoList_True_EN.lub؛ تحقق دون تعديل: itemInfo والمهارات والملاحة وقاعدة الوحوش والمرجع الرسمي,مكتمل,660,المرحلة_180
181,الوظائف,مهمة تغيير الوظيفة إلى كاهن: الحج والتدريب الروحي والإغراء وقسم الكهنوت,rathena-master/npc/jobs/2-1/priest.txt,تعديل سجل المهمات وitemInfo؛ تحقق دون تعديل: الملاحة وقاعدة الوحوش والمرجع الرسمي,مكتمل,302,المرحلة_181
182,الوظائف,مهمة تغيير الوظيفة إلى ساحر عظيم: كاثرين وراوليل والاختبار الكتابي وغرف العناصر,rathena-master/npc/jobs/2-1/wizard.txt,تعديل سجل المهمات وملفي الملاحة؛ تحقق دون تعديل: itemInfo والمهارات وقاعدة الوحوش والمرجع الرسمي,مكتمل,496,المرحلة_182
183,الوظائف,الارتقاء إلى سيد المغتالين: خطاب الظلال، شرط نقاط المهارة، تغيير الوظيفة والترحيب في فالهالا,rathena-master/npc/jobs/2-1a/AssassinCross.txt,تحقق دون تعديل: navi_npc_krpri.lub وpcjobname.lub وpcjobnamegender.lub وmsgstringtable.txt وachievement_list_EN.lub والمرجع الرسمي,مكتمل,15,المرحلة_183
184,الوظائف,الارتقاء إلى كاهن متقدم: صلاة القداسة، الإيمان، نقاط المهارة، التهنئة والترحيب في فالهالا,rathena-master/npc/jobs/2-1a/HighPriest.txt,تحقق دون تعديل: Navi_Data_EN.lub وnavi_npc_krpri.lub وpcjobname.lub وpcjobnamegender.lub وmsgstringtable.txt وachievement_list_EN.lub والمرجع الرسمي,مكتمل,24,المرحلة_184
185,الوظائف,الارتقاء إلى ساحر متقدم: مسؤولية السحر، التدريب، حاجة ميدغارد، نقاط المهارة والترحيب في فالهالا,rathena-master/npc/jobs/2-1a/HighWizard.txt,تحقق دون تعديل: navi_npc_krpri.lub وpcjobname.lub وpcjobnamegender.lub وmsgstringtable.txt وachievement_list_EN.lub والمرجع الرسمي,مكتمل,27,المرحلة_185
186,الوظائف,الارتقاء إلى سيد الفرسان: مسؤولية الفرسان، التضحية، نقاط المهارة، القيادة والترحيب في فالهالا,rathena-master/npc/jobs/2-1a/LordKnight.txt,تحقق دون تعديل: navi_npc_krpri.lub وpcjobname.lub وpcjobnamegender.lub وmsgstringtable.txt وachievement_list_EN.lub وNavi_Data_EN.lub والمرجع الرسمي ودليل الارتقاء,مكتمل,27,المرحلة_186
187,الوظائف,الارتقاء إلى قناص: الطلقة القاتلة، دقة الرؤية، المسؤولية، نقاط المهارة والترحيب في فالهالا,rathena-master/npc/jobs/2-1a/Sniper.txt,تحقق دون تعديل: navi_npc_krpri.lub وpcjobname.lub وpcjobnamegender.lub وmsgstringtable.txt وachievement_list_EN.lub وNavi_Data_EN.lub والمرجع الرسمي ودليل الارتقاء,مكتمل,27,المرحلة_187
188,الوظائف,الارتقاء إلى سيد الحدادين: ذروة الحرفة والابتكار والعمل الدؤوب ونقاط المهارة وصياغة مستقبل ميدغارد,rathena-master/npc/jobs/2-1a/WhiteSmith.txt,تحقق دون تعديل: navi_npc_krpri.lub وpcjobname.lub وpcjobnamegender.lub وmsgstringtable.txt وachievement_list_EN.lub وNavi_Data_EN.lub والمرجع الرسمي ودليل الارتقاء,مكتمل,31,المرحلة_188
189,الوظائف,مهمة تغيير الوظيفة إلى سيد التايكون: موهيون وموغانغ واختبارات الشمس والقمر والنجوم,rathena-master/npc/jobs/2-1e/StarGladiator.txt,تعديل سجل المهمات؛ تحقق دون تعديل: itemInfo وقواميس الوظائف والملاحة والواجهة والمرجع الرسمي ودليل المهمة,مكتمل,685,المرحلة_189
190,الوظائف,مهمة تغيير الوظيفة إلى خيميائي: التسجيل والمقابلة والتجارب واختبار التركيز,rathena-master/npc/jobs/2-2/alchemist.txt,تعديل سجل المهمات؛ تحقق دون تعديل: itemInfo وقواميس الوظائف والمرجع الرسمي وأدلة المهمة,مكتمل,666,المرحلة_190
191,الوظائف,مهمة تغيير الوظيفة إلى شاعر: لالو والزهور وسنويسنو واختبار ترديد الأغاني,rathena-master/npc/jobs/2-2/bard.txt,تعديل سجل المهمات؛ تحقق دون تعديل: itemInfo وقواميس الوظائف والملاحة والواجهة والمرجع الرسمي ودليل المهمة,مكتمل,410,المرحلة_191
192,الوظائف,مهمة تغيير الوظيفة إلى فارس صليبي: جمع المواد والتحمل والمعرفة والتطهير والقتال,rathena-master/npc/jobs/2-2/crusader.txt,تعديل سجل المهمات وملف الملاحة؛ تحقق دون تعديل: itemInfo وقواميس الوظائف والمرجع الرسمي ودليل المهمة,مكتمل,289,المرحلة_192
193,الوظائف,مهمة تغيير الوظيفة إلى راقصة: التسجيل والمواد والاختبار الكتابي واختبار الرقص,rathena-master/npc/jobs/2-2/dancer.txt,تعديل سجل المهمات وملف الملاحة؛ تحقق دون تعديل: itemInfo والمهارات وقواميس الوظائف والمرجع الرسمي ودليل المهمة,مكتمل,279,المرحلة_193
194,الوظائف,مهمة تغيير الوظيفة إلى راهب: المواد والقسم والتحمل والمتاهة,rathena-master/npc/jobs/2-2/monk.txt,تعديل سجل المهمات؛ تحقق دون تعديل: itemInfo والملاحة وقواميس الوظائف والمرجع الرسمي ودليل المهمة,مكتمل,553,المرحلة_194
195,الوظائف,مهمة تغيير الوظيفة إلى مارق: الاختبار الكتابي والمواد وكلمات المرور والنفق,rathena-master/npc/jobs/2-2/rogue.txt,تعديل سجل المهمات؛ تحقق دون تعديل: itemInfo والملاحة وقواميس الوظائف وقاموس المهارات والمرجع الرسمي ودليل المهمة,مكتمل,296,المرحلة_195
196,الوظائف,مهمة تغيير الوظيفة إلى حكيم: التسجيل والاختباران والفروع العلمية والأطروحة,rathena-master/npc/jobs/2-2/sage.txt,تعديل سجل المهمات؛ تحقق دون تعديل: itemInfo والملاحة وقواميس الوظائف وقاموس المهارات والمرجع الرسمي ودليل المهمة,مكتمل,553,المرحلة_196
197,الوظائف,الارتقاء إلى بطل: المهارة والسرعة والقوة ونشر النور,rathena-master/npc/jobs/2-2a/Champion.txt,تحقق دون تعديل: navi_npc_krpri.lub وpcjobname.lub وpcjobnamegender.lub وmsgstringtable.txt وachievement_list_EN.lub والمرجع الرسمي ودليل الارتقاء,مكتمل,24,المرحلة_197
198,الوظائف,الارتقاء إلى منشد: الأغاني المبهجة ومواجهة الشر والأمل للحلفاء,rathena-master/npc/jobs/2-2a/Clown.txt,تحقق دون تعديل: navi_npc_krpri.lub وpcjobname.lub وpcjobnamegender.lub وmsgstringtable.txt وachievement_list_EN.lub والمرجع الرسمي ودليل الارتقاء,مكتمل,26,المرحلة_198
199,الوظائف,الارتقاء إلى كيميائي حيوي: أسرار الحياة والمسؤولية والعلم والبطولة,rathena-master/npc/jobs/2-2a/Creator.txt,تعديل قواميس الوظائف ورسائل العميل والإنجازات والملاحة وقائمة الفئات؛ تحقق من المرجع الرسمي ودليل الارتقاء,مكتمل,55,المرحلة_199
200,الوظائف,الارتقاء إلى غجرية: الرقص والرشاقة وترجيح كفة الخير,rathena-master/npc/jobs/2-2a/Gypsy.txt,تحقق دون تعديل: navi_npc_krpri.lub وpcjobname.lub وpcjobnamegender.lub وmsgstringtable.txt وachievement_list_EN.lub وNavi_Data_EN.lub والمرجع الرسمي ودليل الارتقاء,مكتمل,28,المرحلة_200
201,الوظائف,الارتقاء إلى فارس مقدس: الحرب المقدسة والعدالة وحماية الضعفاء,rathena-master/npc/jobs/2-2a/Paladin.txt,تحقق دون تعديل: navi_npc_krpri.lub وpcjobname.lub وpcjobnamegender.lub وmsgstringtable.txt وachievement_list_EN.lub وNavi_Data_EN.lub والمرجع الرسمي ودليل الارتقاء,مكتمل,31,المرحلة_201
202,الوظائف,الارتقاء إلى أستاذ: المعرفة والمسؤولية ونور العلم,rathena-master/npc/jobs/2-2a/Professor.txt,تعديل navi_npc_krpri.lub؛ تحقق دون تعديل: pcjobname.lub وpcjobnamegender.lub وmsgstringtable.txt وachievement_list_EN.lub وNavi_Data_EN.lub والمرجع الرسمي ودليل الارتقاء,مكتمل,48,المرحلة_202
203,الوظائف,الارتقاء إلى متعقب: العمل في الظلال والثقة بين الرفاق ومحاربة الأشرار,rathena-master/npc/jobs/2-2a/Stalker.txt,تحقق دون تعديل: الملاحة وقواميس الوظائف والواجهة والمرجع الرسمي ودليل الارتقاء,مكتمل,34,المرحلة_203
204,الوظائف,مهمة تغيير الوظيفة إلى رابط الأرواح: المواد وأعماق العقل والأرواح الثلاث والطقس,rathena-master/npc/jobs/2-2e/SoulLinker.txt,تعديل سجل المهمات والملاحة؛ تحقق دون تعديل: itemInfo وقواميس الوظائف والواجهة والمرجع الرسمي ودليل المهمة,مكتمل,339,المرحلة_204
205,الوظائف,مهمة تغيير الوظيفة إلى مبتدئ خارق: الجمعية والمواد والمكافأة والعربة,rathena-master/npc/jobs/novice/supernovice.txt,تعديل سجل المهمة؛ تحقق دون تعديل: itemInfo وقاموس المهارات والملاحة وقواميس الوظائف والواجهة والمرجع الرسمي ودليل المهمة,مكتمل,226,المرحلة_205
206,الوظائف,الولادة الجديدة والتسامي: فالكيري وكتاب يمير وميثيوس سيلف والناقل,rathena-master/npc/jobs/valkyrie.txt,تعديل المهمة 1000؛ تحقق دون تعديل: الملاحة والإنجازات والمرجع الرسمي ودليل الولادة الجديدة,مكتمل,91,المرحلة_206
207,الكافرا والخدمات,موظفو شركة كول إيفنت: الحفظ والمخزن والنقل واستئجار العربة,rathena-master/npc/kafras/cool_event_corp.txt,تعديل Navi_Data_EN.lub وnavi_npc_krpri.lub؛ تحقق دون تعديل: skillinfolist.lub وpcjobname.lub وfunctions_kafras.txt والمرجع الرسمي وiRO Wiki,مكتمل,57,المرحلة_207
208,الكافرا والخدمات,انتخابات خدمة النقل إلى الدهاليز بين كافرا وشركة كول إيفنت,rathena-master/npc/kafras/dts_warper.txt,تعديل Navi_Data_EN.lub وnavi_npc_krpri.lub وquests_lighthalzen.txt؛ تحقق من خريطة الملاحة والمرجع الرسمي وiRO Wiki,مكتمل,374,المرحلة_208
209,الكافرا والخدمات,دوال خدمات كافرا: الترحيب والمخزن والنقل والعربة ونقاط الاحتياط وكلمات المرور,rathena-master/npc/kafras/functions_kafras.txt,تعديل Navi_Data_EN.lub وkafras.txt؛ تحقق دون تعديل: skillinfolist.lub وnavi_map_krpri.lub والمرجع الرسمي,مكتمل,119,المرحلة_209
210,الكافرا والخدمات,موظفات شركة كافرا في المدن والدهاليز والمقر الرئيسي,rathena-master/npc/kafras/kafras.txt,تعديل navi_npc_krpri.lub؛ تحقق دون تعديل: Navi_Data_EN.lub وTowninfo_EN.lub وfunctions_kafras.txt والمرجع الرسمي وiRO Wiki,مكتمل,92,المرحلة_210
211,أعلام الخرائط,تعريف خرائط ساحات القتال ولوحة النتائج,rathena-master/npc/mapflag/battleground.txt,تحقق دون تعديل: المرجع الإنجليزي والسكربت الرسمي وخرائط KVM وفلافيوس ووادي تييرا وملفات العميل والملاحة,مكتمل,0,المرحلة_211
212,التجار والخدمات,سونبي والتطوير المتقدم بالخامات المخصبة,rathena-master/npc/merchants/advanced_refiner.txt,تعديل System/LuaFiles514/itemInfo.lua؛ تحقق دون تعديل: navi_npc_krpri.lub والمرجع الرسمي ودليل نظام التطوير؛ استبعاد 28 ملف mapflag,مكتمل,80,المرحلة_212
213,التجار والخدمات,غيفر آل شارب وبيع مواد الخيمياء وأدلة الصنع,rathena-master/npc/merchants/alchemist.txt,تعديل System/LuaFiles514/itemInfo.lua؛ تحقق دون تعديل: كتب 7127-7133 و7144 وnavi_npc_krpri.lub والمرجع الرسمي,مكتمل,48,المرحلة_213
214,التجار والخدمات,جاس وهيو ورخص متاجر الشراء بالجملة,rathena-master/npc/merchants/buying_shops.txt,تعديل System/LuaFiles514/itemInfo.lua؛ تحقق دون تعديل: skillinfolist وskilldescript وmsgstringtable والملاحة والمرجع الرسمي,مكتمل,134,المرحلة_214
215,التجار والخدمات,موظفة متجر كافرا وسلع متجر النقاط في بايون,rathena-master/npc/merchants/cash_trader.txt,تعديل System/LuaFiles514/itemInfo.lua؛ تحقق دون تعديل: gympass.txt وقواميس المهارات وNavi_Data_EN.lub وmapInfo والمرجع الرسمي,مكتمل,149,المرحلة_215
216,التجار والخدمات,ألورا وصبغ ألوان أغطية الرأس بالصبغة الغامضة,rathena-master/npc/merchants/cashheadgear_dye.txt,تعديل System/LuaFiles514/itemInfo.lua؛ تحقق دون تعديل: navi_npc_krpri.lub والمرجع الرسمي ومراجع الصبغة,مكتمل,34,المرحلة_216
217,التجار والخدمات,الخياط غينيدين ريفير وصبغ ألوان الملابس,rathena-master/npc/merchants/clothes_dyer.txt,تعديل System/LuaFiles514/itemInfo.lua؛ تحقق دون تعديل: ملف برونتيرا وnavi_npc_krpri.lub والمرجع الرسمي ومراجع الأصباغ,مكتمل,40,المرحلة_217
218,التجار والخدمات,تاجرا مانوك وسبلينديد واستبدال العملات بالسلع,rathena-master/npc/merchants/coin_exchange.txt,تعديل itemInfo وكتابي 11018 و11019؛ تحقق دون تعديل: الملاحة وقاعدة الوحوش ومهمة 13.2 والمرجع الرسمي,مكتمل,51,المرحلة_218
219,التجار والخدمات,جافا دوليهان وصناعة الأصباغ الثمانية,rathena-master/npc/merchants/dye_maker.txt,تعديل itemInfo.lua؛ تحقق دون تعديل: الملاحة وسجل المهمة ومهمة التاجر وملف صبغ الملابس والمرجع الرسمي,مكتمل,69,المرحلة_219
220,التجار والخدمات,راسبوتشين غريغوري واستبدال الأحجار العنصرية,rathena-master/npc/merchants/elemental_trader.txt,تعديل الملاحة وسجل المهام وblacksmith.txt وdandelion_request.txt؛ تحقق دون تعديل: itemInfo ومهمة الخيميائي وأمبالا والمرجع الرسمي,مكتمل,90,المرحلة_220
221,التجار والخدمات,الحرفي المتدرب وسحر الدروع بخصائص عشوائية,rathena-master/npc/merchants/enchan_arm.txt,تحقق دون تعديل: itemInfo.lua وnavi_npc_krpri.lub وNavi_Data_EN.lub والمرجع الرسمي,مكتمل,22,المرحلة_221
222,التجار والخدمات,جايد واستبدال الجواهر الملونة,rathena-master/npc/merchants/gemstone.txt,تحقق دون تعديل: itemInfo.lua وnavi_npc_krpri.lub وNavi_Data_EN.lub والمرجع الرسمي,مكتمل,30,المرحلة_222
223,التجار والخدمات,روزا وخدمة صبغ ألوان الشعر,rathena-master/npc/merchants/hair_dyer.txt,تعديل navi_npc_krpri.lub وNavi_Data_EN.lub؛ تحقق دون تعديل: itemInfo.lua وdye_maker.txt وclothes_dyer.txt والمرجع الرسمي,مكتمل,101,المرحلة_223
224,التجار والخدمات,روي فيشوب ومساعدة التجميل وخدمتا تصفيف الشعر,rathena-master/npc/merchants/hair_style.txt,تعديل navi_npc_krpri.lub وNavi_Data_EN.lub؛ تحقق دون تعديل: ملف ما قبل التجديد وhair_dyer.txt والمرجع الرسمي,مكتمل,181,المرحلة_224
225,التجار والخدمات,صانع المثلجات وبيع الآيس كريم في ألبرتا وحقل موروك,rathena-master/npc/merchants/icecream.txt,تعديل itemInfo.lua؛ تحقق دون تعديل: برازيليس وshops.txt والمرجع الرسمي,مكتمل,36,المرحلة_225
226,التجار والخدمات,موظفو النزل وخدمات الحفظ والإقامة في المدن,rathena-master/npc/merchants/inn.txt,تعديل navi_npc_krpri.lub وNavi_Data_EN.lub؛ تحقق دون تعديل: tipbox وquests_airship وlighthalzen.txt والمرجع الرسمي,مكتمل,96,المرحلة_226
227,التجار والخدمات,كاشين واستبدال الشوريكن والأحجار بالكوناي العنصرية,rathena-master/npc/merchants/kunai_maker.txt,تعديل itemInfo.lua؛ تحقق دون تعديل: navi_npc_krpri.lub وshops.txt والمرجع الرسمي,مكتمل,46,المرحلة_227
228,التجار والخدمات,بائع الحليب واستبدال الزجاجات الفارغة بالحليب,rathena-master/npc/merchants/milk_trader.txt,تعديل itemInfo.lua؛ تحقق دون تعديل: navi_npc_krpri.lub وNavi_Data_EN.lub والمرجع الرسمي,مكتمل,30,المرحلة_228
229,التجار والخدمات,تجار المبتدئين واستبدال غنائم الوحوش بالجرعات الحمراء,rathena-master/npc/merchants/novice_exchange.txt,تعديل navi_npc_krpri.lub وitemInfo.lua؛ تحقق دون تعديل: Navi_Data_EN.lub وسجل المهام والمرجع الرسمي,مكتمل,306,المرحلة_229
230,التجار والخدمات,الصيدلي العجوز وصناعة الجرعات الست,rathena-master/npc/merchants/old_pharmacist.txt,تعديل navi_npc_krpri.lub وNavi_Data_EN.lub؛ تحقق دون تعديل: itemInfo.lua والمرجع الرسمي,مكتمل,53,المرحلة_230
231,التجار والخدمات,المخترع جاكس وتحويل الأسهم إلى جعب سحرية,rathena-master/npc/merchants/quivers.txt,تعديل itemInfo.lua؛ تحقق دون تعديل: الملاحة وسجل المهام ومهمة الحكيم والمرجع الرسمي,مكتمل,58,المرحلة_231
232,التجار والخدمات,موردا الحدادة ومقدمو الترقية والتنقية والإصلاح,rathena-master/npc/merchants/refine.txt,تعديل itemInfo.lua؛ تحقق دون تعديل: الملاحة وسجل المهام واختبار الحداد والمرجع الرسمي,مكتمل,275,المرحلة_232
233,التجار والخدمات,مربيا بيكو بيكو ومربي الصقور وخدمات الاستئجار,rathena-master/npc/merchants/renters.txt,تحقق دون تعديل: الملاحة وقاموس المهارات واختبار الفارس والمرجع الرسمي,مكتمل,71,المرحلة_233
234,التجار والخدمات,متاجر المدن وتوحيد أسماء البائعين,rathena-master/npc/merchants/shops.txt,تعديل الملاحة وقاموسها ومتجر ما قبل التجديد؛ تحقق من itemInfo والمرجع الرسمي,مكتمل,18,المرحلة_234
235,التجار والخدمات,سايابليم وخدمة إضافة الفتحات للأسلحة والدروع,rathena-master/npc/merchants/socket_enchant.txt,تعديل itemInfo.lua؛ تحقق دون تعديل: الملاحة وsocket_enchant2.txt والمرجع الرسمي,مكتمل,102,المرحلة_235
236,التجار والخدمات,ليابليم وخدمة إضافة الفتحات ومهمة قبعة إله الشمس,rathena-master/npc/merchants/socket_enchant2.txt,تعديل itemInfo.lua؛ تحقق دون تعديل: الملاحة وsocket_enchant.txt والمرجع الرسمي,مكتمل,152,المرحلة_236
237,التجار والخدمات,جيني ومبادلة طعام المتجول الأليف,rathena-master/npc/merchants/wander_pet_food.txt,تعديل الملاحة وitemInfo.lua؛ تحقق من قواعد العناصر والوحوش والمرجع الرسمي,مكتمل,31,المرحلة_237
238,الوحوش,وحوش خريطة السجن sec_in02,rathena-master/npc/mobs/jail.txt,تحقق دون تعديل: قاعدة الوحوش العربية والإنجليزية وnavi_mob_krpri.lub والمرجع الرسمي,مكتمل,0,المرحلة_238
239,الوحوش,وحوش غرف Nightmare PvP الخمس,rathena-master/npc/mobs/pvp.txt,تحقق دون تعديل: قاعدة الوحوش العربية والإنجليزية وnavi_mob_krpri.lub والمرجع الرسمي,مكتمل,0,المرحلة_239
240,الوحوش,وحوش المدن في إينبيخ وجاواي ولايت هالزن,rathena-master/npc/mobs/towns.txt,تحقق دون تعديل: قاعدة الوحوش العربية والإنجليزية وnavi_mob_krpri.lub والمرجع الرسمي,مكتمل,0,المرحلة_240
241,الدوال العامة والخدمات,دوال متجر الكاش والانتقال وكرة الثلج وخفض السمات,rathena-master/npc/other/CashShop_Functions.txt,تحقق دون تعديل: mapInfo_true_EN.lub وmapInfo_true_EN_EN.lub وnavi_map_krpri.lub وTowninfo_EN.lub والمرجع الرسمي,مكتمل,56,المرحلة_241
242,الدوال العامة والخدمات,الدوال العامة وفئات الأسلحة والمعدات والوقت والمهارات البلاتينية,rathena-master/npc/other/Global_Functions.txt,تحقق دون تعديل: kvm_item_pay.txt ومرحلة 130 وmsgstringtable.txt وrefine.txt والمرجع الرسمي,مكتمل,16,المرحلة_242
243,الدوال العامة والخدمات,ناقلتا المريد كيكي وإيسالي بين المدن,rathena-master/npc/other/acolyte_warp.txt,تحقق دون تعديل: mapInfo_true_EN.lub وmapInfo_true_EN_EN.lub وnavi_map_krpri.lub وtu_acolyte.txt والمرجع الرسمي,مكتمل,20,المرحلة_243
244,الحلبات,حلبة المريد والكاهن في إزلود وسجلات الأزمنة ومكافآت نقاط الحلبة,rathena-master/npc/other/arena/arena_aco.txt,تحقق دون تعديل: mob_db.yml وmob_db_en.yml وnavi_mob_krpri.lub وNavi_Data_EN.lub وnavi_npc_krpri.lub وmapInfo_true_EN.lub والمرجع الرسمي,مكتمل,258,المرحلة_244
245,الحلبات,حلبة المستوى 50 الفردية ومراحلها وسجلات الأزمنة ومكافآت نقاط الحلبة,rathena-master/npc/other/arena/arena_lvl50.txt,تعديل navi_npc_krpri.lub؛ تحقق دون تعديل: mob_db.yml وmob_db_en.yml وnavi_mob_krpri.lub والمرجع الرسمي,مكتمل,96,المرحلة_245
246,الحلبات,حلبة المستوى 60 الفردية ومراحلها وسجلات الأزمنة ومكافآت نقاط الحلبة,rathena-master/npc/other/arena/arena_lvl60.txt,تحقق دون تعديل: mob_db.yml وmob_db_en.yml وnavi_mob_krpri.lub وnavi_npc_krpri.lub والمرجع الرسمي,مكتمل,96,المرحلة_246
247,الحلبات,حلبة المستوى 70 الفردية ومراحلها وسجلات الأزمنة ومكافآت نقاط الحلبة,rathena-master/npc/other/arena/arena_lvl70.txt,تحقق دون تعديل: mob_db.yml وmob_db_en.yml وnavi_mob_krpri.lub وnavi_npc_krpri.lub والمرجع الرسمي,مكتمل,96,المرحلة_247
248,الحلبات,حلبة المستوى 80 الفردية ومراحلها وسجلات الأزمنة ومكافآت نقاط الحلبة,rathena-master/npc/other/arena/arena_lvl80.txt,تحقق دون تعديل: mob_db.yml وmob_db_en.yml وnavi_mob_krpri.lub وnavi_npc_krpri.lub والمرجع الرسمي,مكتمل,108,المرحلة_248
249,الحلبات,حلبة الفريق لخمس شخصيات ومراحلها وسجلات الأزمنة ومكافآت نقاط الحلبة,rathena-master/npc/other/arena/arena_party.txt,تحقق دون تعديل: mob_db.yml وmob_db_en.yml وnavi_mob_krpri.lub وnavi_npc_krpri.lub والمرجع الرسمي,مكتمل,133,المرحلة_249
250,الحلبات,مسؤول نقاط الحلبة وتحويل نقاط مضمار التيربو إلى نقاط الحلبة,rathena-master/npc/other/arena/arena_point.txt,تعديل turbo_track.txt؛ تحقق دون تعديل: navi_npc_krpri.lub والمرجع الرسمي,مكتمل,73,المرحلة_250
251,الحلبات,قاعة حلبة إزلود الرئيسية والسجلات والمساعدون والمكافآت وخدمة الصور,rathena-master/npc/other/arena/arena_room.txt,تحقق دون تعديل: navi_npc_krpri.lub وmob_db.yml وitemInfo.lua والمرجع الرسمي,مكتمل,235,المرحلة_251
252,الأنظمة والخدمات,مرشدو قاعة المزاد ولوحات المعلومات ووسطاء المزاد ومداخل القاعات,rathena-master/npc/other/auction.txt,تعديل navi_npc_krpri.lub؛ تحقق دون تعديل: navi_map_krpri.lub وmapInfo_true_EN.lub وOngoingQuestInfoList_True_EN.lub والمرجع الرسمي,مكتمل,34,المرحلة_252
253,الموسوعات والأدلة,موسوعات خصائص الوحوش وموسوعات الزنزانات ودليل البيع ودليل الحداد,rathena-master/npc/other/books.txt,تحقق دون تعديل: itemInfo.lua وitemInfo_EN.lua وmob_db.yml وmob_db_en.yml وskillinfolist.lub وskillinfolist_EN.lub والمرجع الرسمي,مكتمل,742,المرحلة_253
254,المدن والإرشادات,لوحات الإعلانات التعريفية للمدن والقرى والدهاليز ومناطق التحذير,rathena-master/npc/other/bulletin_boards.txt,تحقق دون تعديل: navi_npc_krpri.lub وNavi_Data_EN.lub وmob_db.yml وmob_db_en.yml والمرجع الرسمي,مكتمل,128,المرحلة_254
255,الأنظمة والخدمات,مقايضة بطاقات الوحوش بالنقاط واستبدال النقاط بالمكافآت,rathena-master/npc/other/card_trader.txt,تعديل itemInfo.lua؛ تحقق دون تعديل: itemInfo_EN.lua والمرجع الرسمي,مكتمل,43,المرحلة_255
256,الأنظمة والخدمات,مقامرة كومودو بالألماس وجوائز المعدات وبيع ألماس 3 قيراط,rathena-master/npc/other/comodo_gambling.txt,تحقق دون تعديل: itemInfo.lua وitemInfo_EN.lua وnavi_npc_krpri.lub والمرجع الرسمي,مكتمل,84,المرحلة_256
257,الأنظمة والخدمات,ديفيروتشي وخدمة الطلاق المدفوعة في نيفلهايم,rathena-master/npc/other/divorce.txt,تحقق دون تعديل: navi_npc_krpri.lub وNavi_Data_EN.lub والمرجع الرسمي,مكتمل,91,المرحلة_257
258,الأنظمة والخدمات,قراءة الطالع ببطاقات الوحوش وبطاقات البورينغ و456 نتيجة عشوائية,rathena-master/npc/other/fortune.txt,تعديل navi_npc_krpri.lub؛ تحقق دون تعديل: mob_db.yml وmob_db_en.yml والمرجع الرسمي,مكتمل,894,المرحلة_258
259,الأنظمة والخدمات,دالة حماية شخصيات إدارة GM والتحقق من الصلاحية وكلمات المرور وسجل المحاولات,rathena-master/npc/other/gm_npcs.txt,تحقق دون تعديل: المرجع الرسمي,مكتمل,38,المرحلة_259
260,الأنظمة والخدمات,مرشد معارك النقابات ونقل الفرق إلى خمس خرائط PvP,rathena-master/npc/other/guildpvp.txt,تحقق دون تعديل: navi_npc_krpri.lub والمرجع الرسمي,مكتمل,18,المرحلة_260
261,الأنظمة والخدمات,بطاقة النادي الرياضي وتدريب زيادة سعة حمل العناصر واستعادة أثر التدريب,rathena-master/npc/other/gympass.txt,تحقق دون تعديل: navi_npc_krpri.lub وskillinfolist.lub والمرجع الرسمي,مكتمل,77,المرحلة_261
